{"cameraMode":{"drawMode":0,"name":"Shaded","section":"Shading Mode"},"sceneLighting":false,"audioPlay":false,"sceneViewState":{"m_AlwaysRefresh":false,"showFog":true,"showSkybox":true,"showFlares":true,"showImageEffects":true,"showParticleSystems":true,"showVisualEffectGraphs":true,"m_FxEnabled":true},"in2DMode":false,"pivot":{"x":-0.1662740856409073,"y":0.8798412084579468,"z":0.33621954917907717},"rotation":{"x":-0.23540334403514863,"y":0.4459911584854126,"z":-0.12307333946228028,"w":-0.8549226522445679},"size":0.4558953046798706,"orthographic":false}